{"start_lat": 36.0024455, "start_lon": -78.913516, "end_lat": 35.9964384, "end_lon": -78.9415467}